{"Mean":{"confidence_interval":{"confidence_level":0.95,"lower_bound":2762.6034793667986,"upper_bound":2840.6505529585365},"point_estimate":2799.5993106081,"standard_error":19.951391846785732},"Median":{"confidence_interval":{"confidence_level":0.95,"lower_bound":2709.190029325513,"upper_bound":2756.201400056759},"point_estimate":2731.008272297543,"standard_error":13.73892248717333},"MedianAbsDev":{"confidence_interval":{"confidence_level":0.95,"lower_bound":61.36771485347016,"upper_bound":109.81803687087638},"point_estimate":78.69008142792751,"standard_error":13.182989118920279},"Slope":{"confidence_interval":{"confidence_level":0.95,"lower_bound":2768.913302543965,"upper_bound":2912.6374813357747},"point_estimate":2837.3903490329776,"standard_error":36.72747521584227},"StdDev":{"confidence_interval":{"confidence_level":0.95,"lower_bound":148.11505175180116,"upper_bound":242.11607150244924},"point_estimate":200.07411689919962,"standard_error":23.984601063294363}}