{"Mean":{"confidence_interval":{"confidence_level":0.95,"lower_bound":3832.176055571356,"upper_bound":3940.808463163181},"point_estimate":3882.2913943967146,"standard_error":27.81030554937474},"Median":{"confidence_interval":{"confidence_level":0.95,"lower_bound":3787.2146905725854,"upper_bound":3837.2604526433665},"point_estimate":3810.8058060832554,"standard_error":14.289147382537143},"MedianAbsDev":{"confidence_interval":{"confidence_level":0.95,"lower_bound":76.12971628219985,"upper_bound":139.7636337281311},"point_estimate":94.24570942817455,"standard_error":16.0905652504927},"Slope":{"confidence_interval":{"confidence_level":0.95,"lower_bound":3863.8135535494926,"upper_bound":4087.8027332249562},"point_estimate":3967.9913546868615,"standard_error":57.504888944236974},"StdDev":{"confidence_interval":{"confidence_level":0.95,"lower_bound":175.0017207552663,"upper_bound":367.25321039176396},"point_estimate":279.2706353030884,"standard_error":49.06516780555469}}