{"Mean":{"confidence_interval":{"confidence_level":0.95,"lower_bound":2898.8506704913225,"upper_bound":2945.6793393970197},"point_estimate":2920.493884710238,"standard_error":11.993225879273727},"Median":{"confidence_interval":{"confidence_level":0.95,"lower_bound":2882.2782232782233,"upper_bound":2915.5888110332553},"point_estimate":2907.561298798799,"standard_error":7.989002192490803},"MedianAbsDev":{"confidence_interval":{"confidence_level":0.95,"lower_bound":53.02767272776611,"upper_bound":92.57395924919462},"point_estimate":70.0450758660607,"standard_error":10.52441366458879},"Slope":{"confidence_interval":{"confidence_level":0.95,"lower_bound":2901.074906914164,"upper_bound":2980.569471340212},"point_estimate":2937.14572206313,"standard_error":20.470189957501532},"StdDev":{"confidence_interval":{"confidence_level":0.95,"lower_bound":71.06315688607891,"upper_bound":164.0384425919537},"point_estimate":120.80620875355329,"standard_error":23.72445531107853}}