{"Mean":{"confidence_interval":{"confidence_level":0.95,"lower_bound":4359.405158653086,"upper_bound":4598.820118682847},"point_estimate":4478.280632202131,"standard_error":61.05395216943946},"Median":{"confidence_interval":{"confidence_level":0.95,"lower_bound":3982.7632938508063,"upper_bound":4796.2605846774195},"point_estimate":4107.945606285036,"standard_error":219.8391671239898},"MedianAbsDev":{"confidence_interval":{"confidence_level":0.95,"lower_bound":191.9723998105508,"upper_bound":938.3596750910037},"point_estimate":408.40072115499686,"standard_error":230.03993948375728},"Slope":{"confidence_interval":{"confidence_level":0.95,"lower_bound":4056.501692463036,"upper_bound":4272.186464688595},"point_estimate":4154.178463701931,"standard_error":55.089998261375804},"StdDev":{"confidence_interval":{"confidence_level":0.95,"lower_bound":572.9318100796058,"upper_bound":645.6141744764052},"point_estimate":614.6117202233302,"standard_error":18.337338429061724}}